value_wrist,value_elbow,timestamp
0.0,0.0,00:11:19.505765
0.0,0.0,00:11:19.546627
0.0,0.0,00:11:19.581966
0.0,0.0,00:11:19.617446
0.0,0.0,00:11:19.653513
0.0,0.0,00:11:19.689784
0.0,0.0,00:11:19.725295
0.0,0.0,00:11:19.761729
0.0,0.0,00:11:19.808709
0.0,0.0,00:11:19.850440
0.0,0.0,00:11:19.886250
0.0,0.0,00:11:19.921969
0.0,0.0,00:11:19.957663
0.0,0.0,00:11:19.994036
0.0,0.0,00:11:20.030001
0.0,0.0,00:11:20.065932
0.0,0.0,00:11:20.102778
0.0,0.0,00:11:20.139345
0.0,0.0,00:11:20.187341
0.0,0.0,00:11:20.231197
0.0,0.0,00:11:20.267232
0.0,0.0,00:11:20.303685
0.0,0.0,00:11:20.341439
0.0,0.0,00:11:20.384069
0.0,0.0,00:11:20.419951
0.0,0.0,00:11:20.462970
0.0,0.0,00:11:20.501148
0.0,0.0,00:11:20.547716
0.0,0.0,00:11:20.584368
0.0,0.0,00:11:20.629691
0.0,0.0,00:11:20.667274
0.0,0.0,00:11:20.703640
0.0,0.0,00:11:20.744933
0.0,0.0,00:11:20.786101
0.0,0.0,00:11:20.835687
0.0,0.0,00:11:20.881432
0.0,0.0,00:11:20.917655
0.0,0.0,00:11:20.954380
0.0,0.0,00:11:20.991966
0.0,0.0,00:11:21.032138
0.0,0.0,00:11:21.079173
0.0,0.0,00:11:21.117212
0.0,0.0,00:11:21.153026
0.0,0.0,00:11:21.189339
0.0,0.0,00:11:21.227271
0.0,0.0,00:11:21.263290
0.0,0.0,00:11:21.300696
0.0,0.0,00:11:21.336877
0.0,0.0,00:11:21.394132
0.0,0.0,00:11:21.434453
0.0,0.0,00:11:21.471845
0.0,0.0,00:11:21.509632
0.0,0.0,00:11:21.545831
0.0,0.0,00:11:21.585262
0.0,0.0,00:11:21.621177
0.0,0.0,00:11:21.660413
0.0,0.0,00:11:21.696429
0.0,0.0,00:11:21.743605
0.0,0.0,00:11:21.781866
0.0,0.0,00:11:21.819836
0.0,0.0,00:11:21.861635
0.0,0.0,00:11:21.903714
0.0,0.0,00:11:21.940822
0.0,0.0,00:11:21.977423
0.0,0.0,00:11:22.022129
0.0,0.0,00:11:22.064823
0.0,0.0,00:11:22.101576
0.0,0.0,00:11:22.137977
0.0,0.0,00:11:22.174777
0.0,0.0,00:11:22.210863
0.0,0.0,00:11:22.247668
0.0,0.0,00:11:22.290206
0.0,0.0,00:11:22.325899
0.0,0.0,00:11:22.366279
0.0,0.0,00:11:22.403707
0.0,0.0,00:11:22.448431
0.0,0.0,00:11:22.491796
0.0,0.0,00:11:22.527927
0.0,0.0,00:11:22.564985
0.0,0.0,00:11:22.602062
0.0,0.0,00:11:22.637836
0.0,0.0,00:11:22.674280
0.0,0.0,00:11:22.729397
0.0,0.0,00:11:22.765801
0.0,0.0,00:11:22.803072
0.0,0.0,00:11:22.838765
0.0,0.0,00:11:22.874768
0.0,0.0,00:11:22.911157
0.0,0.0,00:11:22.946856
0.0,0.0,00:11:22.982948
0.0,0.0,00:11:23.028782
0.0,0.0,00:11:23.065254
0.0,0.0,00:11:23.102254
0.0,0.0,00:11:23.137987
0.0,0.0,00:11:23.173670
0.0,0.0,00:11:23.209663
0.0,0.0,00:11:23.245495
0.0,0.0,00:11:23.281456
0.0,0.0,00:11:23.324321
0.0,0.0,00:11:23.360371
0.0,0.0,00:11:23.398067
0.0,0.0,00:11:23.435957
0.0,0.0,00:11:23.472657
0.0,0.0,00:11:23.517478
0.0,0.0,00:11:23.553326
0.0,0.0,00:11:23.599630
0.0,0.0,00:11:23.638337
0.0,0.0,00:11:23.683874
0.0,0.0,00:11:23.721827
0.0,0.0,00:11:23.758136
0.0,0.0,00:11:23.795630
0.0,0.0,00:11:23.837701
0.0,0.0,00:11:23.881430
0.0,0.0,00:11:23.917582
0.0,0.0,00:11:23.977717
0.0,0.0,00:11:24.017016
0.0,0.0,00:11:24.056177
0.0,0.0,00:11:24.098527
0.0,0.0,00:11:24.136621
0.0,0.0,00:11:24.176607
0.0,0.0,00:11:24.234122
0.0,0.0,00:11:24.276401
0.0,0.0,00:11:24.316785
0.0,0.0,00:11:24.355580
0.0,0.0,00:11:24.392109
0.0,0.0,00:11:24.433933
0.0,0.0,00:11:24.477149
0.0,0.0,00:11:24.528348
0.0,0.0,00:11:24.574193
0.0,0.0,00:11:24.611448
0.0,0.0,00:11:24.647548
0.0,0.0,00:11:24.684404
0.0,1.0,00:11:24.731039
0.0,1.5,00:11:24.774587
0.0,3.0,00:11:24.812682
0.0,5.0,00:11:24.858671
0.0,8.5,00:11:24.912203
0.0,11.5,00:11:24.950089
0.0,15.0,00:11:24.990743
0.0,17.5,00:11:25.026933
0.0,21.0,00:11:25.072403
0.0,25.0,00:11:25.113062
0.0,28.0,00:11:25.157475
0.0,31.0,00:11:25.193310
0.0,34.0,00:11:25.229648
0.0,37.0,00:11:25.266474
0.0,39.5,00:11:25.302339
0.0,42.0,00:11:25.339309
0.0,45.0,00:11:25.377116
0.0,48.0,00:11:25.424957
0.0,51.0,00:11:25.462501
0.0,53.5,00:11:25.498331
0.0,56.0,00:11:25.535671
0.0,58.5,00:11:25.576794
0.0,61.0,00:11:25.615680
0.0,64.0,00:11:25.661002
0.0,66.0,00:11:25.696889
0.0,68.0,00:11:25.732816
0.0,71.0,00:11:25.768985
0.0,74.0,00:11:25.822280
0.0,77.0,00:11:25.864283
0.0,79.5,00:11:25.904555
0.0,82.0,00:11:25.940518
0.0,84.5,00:11:25.978302
0.0,88.0,00:11:26.024733
0.0,90.0,00:11:26.060681
0.0,93.0,00:11:26.099648
0.0,96.0,00:11:26.140295
0.0,98.5,00:11:26.184763
0.0,101.0,00:11:26.223117
0.0,103.5,00:11:26.263335
0.0,106.0,00:11:26.299093
0.0,108.0,00:11:26.335012
0.0,110.5,00:11:26.371624
0.0,113.0,00:11:26.407340
0.0,115.0,00:11:26.443379
0.0,117.0,00:11:26.479621
0.0,119.5,00:11:26.518552
0.0,122.0,00:11:26.554545
0.0,124.0,00:11:26.590827
0.0,126.5,00:11:26.628102
0.0,128.5,00:11:26.666226
0.0,130.5,00:11:26.702546
0.0,132.5,00:11:26.738436
0.0,134.5,00:11:26.774438
0.0,136.5,00:11:26.813556
0.0,138.5,00:11:26.850462
0.0,140.0,00:11:26.886413
0.0,142.0,00:11:26.923632
0.0,143.0,00:11:26.959333
0.0,144.0,00:11:26.995338
0.0,145.0,00:11:27.032316
0.0,146.0,00:11:27.068191
0.0,146.0,00:11:27.104485
0.0,146.5,00:11:27.140986
0.0,146.5,00:11:27.176816
0.0,146.5,00:11:27.241098
0.0,146.5,00:11:27.276865
0.0,146.5,00:11:27.313181
0.0,146.5,00:11:27.349066
0.0,146.5,00:11:27.385011
0.0,146.5,00:11:27.422181
0.0,146.5,00:11:27.458138
0.0,146.5,00:11:27.493924
0.0,146.5,00:11:27.531000
0.0,146.5,00:11:27.566760
0.0,146.5,00:11:27.602669
0.0,146.5,00:11:27.639448
0.0,146.0,00:11:27.675489
0.0,146.0,00:11:27.711631
0.0,146.0,00:11:27.748137
0.0,146.0,00:11:27.783957
0.0,146.0,00:11:27.820095
0.0,145.5,00:11:27.855892
0.0,144.5,00:11:27.891749
0.0,143.0,00:11:27.929194
0.0,141.0,00:11:27.965501
0.0,139.0,00:11:28.001493
0.0,137.0,00:11:28.038395
0.0,134.0,00:11:28.074397
0.0,131.0,00:11:28.119914
0.0,128.0,00:11:28.155743
0.0,125.0,00:11:28.192332
0.0,122.0,00:11:28.230202
0.0,119.5,00:11:28.266048
0.0,117.0,00:11:28.302026
0.0,113.5,00:11:28.343640
0.0,111.0,00:11:28.379591
0.0,108.5,00:11:28.415450
0.0,106.0,00:11:28.452064
0.0,103.5,00:11:28.487805
0.0,101.0,00:11:28.524322
0.0,99.0,00:11:28.560429
0.0,97.0,00:11:28.596283
0.0,94.5,00:11:28.634152
0.0,92.5,00:11:28.670481
0.0,89.5,00:11:28.723018
0.0,86.0,00:11:28.782855
0.0,83.0,00:11:28.840637
0.0,81.0,00:11:28.887950
0.0,78.0,00:11:28.947233
0.0,76.0,00:11:28.989279
0.0,74.0,00:11:29.025272
0.0,72.5,00:11:29.062132
0.0,70.5,00:11:29.098287
0.0,69.0,00:11:29.135804
0.0,67.0,00:11:29.171703
0.0,66.0,00:11:29.207970
0.0,64.0,00:11:29.244720
0.0,62.5,00:11:29.280645
0.0,61.0,00:11:29.318265
0.0,59.5,00:11:29.354195
0.0,58.0,00:11:29.390598
0.0,56.0,00:11:29.426500
0.0,55.0,00:11:29.462776
0.0,53.0,00:11:29.498720
0.0,52.0,00:11:29.535821
0.0,50.0,00:11:29.571796
0.0,49.0,00:11:29.607615
0.0,47.0,00:11:29.644178
0.0,46.0,00:11:29.681649
0.0,44.5,00:11:29.717543
0.0,43.0,00:11:29.754016
0.0,41.5,00:11:29.790116
0.0,40.0,00:11:29.826025
0.0,38.5,00:11:29.862444
0.0,37.0,00:11:29.898294
0.0,35.5,00:11:29.934655
0.0,34.0,00:11:29.970640
0.0,32.0,00:11:30.008086
0.0,30.5,00:11:30.045201
0.0,29.0,00:11:30.081787
0.0,27.0,00:11:30.118316
0.0,26.0,00:11:30.154253
0.0,24.0,00:11:30.197466
0.0,22.0,00:11:30.233682
0.0,20.0,00:11:30.269628
0.0,19.0,00:11:30.305704
0.0,17.0,00:11:30.343202
0.0,15.5,00:11:30.379389
0.0,14.0,00:11:30.415254
0.0,12.5,00:11:30.452538
0.0,11.0,00:11:30.488199
0.0,10.0,00:11:30.524216
0.0,9.0,00:11:30.560157
0.0,8.0,00:11:30.596031
0.0,7.5,00:11:30.632862
0.0,7.0,00:11:30.668905
0.0,7.0,00:11:30.705715
0.0,7.0,00:11:30.742727
0.0,7.0,00:11:30.778587
0.0,7.0,00:11:30.814483
0.0,7.0,00:11:30.851418
0.0,7.0,00:11:30.887326
0.0,7.0,00:11:30.923677
0.0,7.0,00:11:30.959719
0.0,7.0,00:11:30.995933
0.0,7.0,00:11:31.032193
0.0,7.0,00:11:31.068104
0.0,7.0,00:11:31.104308
0.0,7.0,00:11:31.140722
0.0,7.0,00:11:31.176445
0.0,7.0,00:11:31.212708
0.0,7.0,00:11:31.249409
0.0,7.0,00:11:31.285364
0.0,7.0,00:11:31.322489
0.0,7.0,00:11:31.359050
0.0,7.0,00:11:31.396154
0.0,7.0,00:11:31.432908
0.0,7.0,00:11:31.468799
0.0,7.0,00:11:31.507161
0.0,7.0,00:11:31.543552
0.0,7.0,00:11:31.579412
0.0,7.0,00:11:31.616026
0.0,7.0,00:11:31.652800
0.0,7.0,00:11:31.689904
0.0,7.0,00:11:31.733592
0.0,7.0,00:11:31.769612
0.0,7.0,00:11:31.806828
0.0,7.0,00:11:31.844437
0.0,7.0,00:11:31.881710
0.0,7.0,00:11:31.918837
0.0,7.0,00:11:31.955470
0.0,7.0,00:11:31.991720
0.0,7.0,00:11:32.028450
0.0,7.0,00:11:32.066273
0.0,7.0,00:11:32.103389
0.0,7.0,00:11:32.141345
0.0,7.0,00:11:32.178023
0.0,7.0,00:11:32.216339
0.0,7.0,00:11:32.254367
0.0,7.0,00:11:32.299180
0.0,7.0,00:11:32.337264
0.0,7.0,00:11:32.375082
0.0,7.0,00:11:32.412592
0.0,7.0,00:11:32.448997
0.0,7.0,00:11:32.485893
0.0,7.0,00:11:32.523362
0.0,7.0,00:11:32.561014
0.0,7.0,00:11:32.597753
0.0,7.0,00:11:32.635324
0.0,7.0,00:11:32.671321
0.0,7.0,00:11:32.709141
0.0,7.0,00:11:32.746838
0.0,7.0,00:11:32.783422
0.0,7.0,00:11:32.820605
0.0,7.0,00:11:32.858606
0.0,7.0,00:11:32.895027
0.0,7.0,00:11:32.931952
0.0,7.0,00:11:32.969584
0.0,7.0,00:11:33.007954
0.0,7.0,00:11:33.045602
0.0,7.0,00:11:33.082483
0.0,7.0,00:11:33.119396
0.0,7.0,00:11:33.156449
0.0,7.0,00:11:33.193574
0.0,7.0,00:11:33.235940
0.0,7.0,00:11:33.273390
0.0,7.0,00:11:33.311150
0.0,7.0,00:11:33.355890
0.0,7.0,00:11:33.392497
0.0,7.0,00:11:33.429356
0.0,7.0,00:11:33.467378
0.0,7.0,00:11:33.505809
0.0,7.0,00:11:33.543663
0.0,7.0,00:11:33.579746
0.0,7.0,00:11:33.616695
0.0,7.0,00:11:33.653939
0.0,7.0,00:11:33.690101
0.0,7.0,00:11:33.727326
0.0,7.0,00:11:33.765711
0.0,7.0,00:11:33.802319
0.0,7.0,00:11:33.842120
0.0,7.0,00:11:33.879588
0.0,7.0,00:11:33.915479
0.0,7.0,00:11:33.965718
0.0,7.0,00:11:34.005820
0.0,7.0,00:11:34.043826
0.0,7.0,00:11:34.082325
0.0,7.0,00:11:34.118812
0.0,7.0,00:11:34.162436
0.0,7.0,00:11:34.203962
0.0,7.0,00:11:34.241584
0.0,7.0,00:11:34.290220
0.0,7.0,00:11:34.333910
0.0,7.0,00:11:34.388763
0.0,7.0,00:11:34.425037
0.0,7.0,00:11:34.461283
0.0,7.0,00:11:34.502468
0.0,7.0,00:11:34.538587
0.0,7.0,00:11:34.575965
0.0,7.0,00:11:34.611855
0.0,7.0,00:11:34.647994
0.0,7.0,00:11:34.685661
0.0,7.0,00:11:34.733315
0.0,7.0,00:11:34.770859
0.0,7.0,00:11:34.806779
0.0,7.0,00:11:34.842721
0.0,7.0,00:11:34.879972
0.0,7.0,00:11:34.915789
0.0,7.0,00:11:34.951975
0.0,7.0,00:11:34.988166
0.0,7.0,00:11:35.024162
0.0,7.0,00:11:35.060495
0.0,6.0,00:11:35.097328
0.0,5.0,00:11:35.133621
0.0,3.5,00:11:35.169386
0.0,1.0,00:11:35.207846
0.0,-1.5,00:11:35.243815
0.0,-4.5,00:11:35.281120
0.0,-8.0,00:11:35.317467
0.0,-11.0,00:11:35.353520
0.0,-14.5,00:11:35.390382
0.0,-18.0,00:11:35.426195
0.0,-21.5,00:11:35.462680
0.0,-25.0,00:11:35.498617
0.0,-28.0,00:11:35.534406
0.0,-31.5,00:11:35.571029
0.0,-35.0,00:11:35.607104
0.0,-38.0,00:11:35.643000
0.0,-41.0,00:11:35.679764
0.0,-44.0,00:11:35.716503
0.0,-47.0,00:11:35.752434
0.0,-50.0,00:11:35.789562
0.0,-53.0,00:11:35.825286
0.0,-55.5,00:11:35.862214
0.0,-58.0,00:11:35.897969
0.0,-60.0,00:11:35.933810
0.0,-62.0,00:11:35.970162
0.0,-64.0,00:11:36.008080
0.0,-65.0,00:11:36.043839
0.0,-66.0,00:11:36.080454
0.0,-67.0,00:11:36.117937
0.0,-68.0,00:11:36.153783
0.0,-69.0,00:11:36.194627
0.0,-70.0,00:11:36.248518
0.0,-71.0,00:11:36.285329
0.0,-72.0,00:11:36.321508
0.0,-72.5,00:11:36.358121
0.0,-73.5,00:11:36.395444
0.0,-75.0,00:11:36.444249
0.0,-76.0,00:11:36.480680
0.0,-78.0,00:11:36.518964
0.0,-79.0,00:11:36.554971
0.0,-81.0,00:11:36.592589
0.0,-82.5,00:11:36.631531
0.0,-84.0,00:11:36.668145
0.0,-86.0,00:11:36.708746
0.0,-88.0,00:11:36.747440
0.0,-90.5,00:11:36.798374
0.0,-92.5,00:11:36.840105
0.0,-95.0,00:11:36.888762
0.0,-97.0,00:11:36.924474
0.0,-99.0,00:11:36.961388
0.0,-100.5,00:11:36.997941
0.0,-102.0,00:11:37.035054
0.0,-104.0,00:11:37.071388
0.0,-105.0,00:11:37.107166
0.0,-107.0,00:11:37.143477
0.0,-108.0,00:11:37.179401
0.0,-109.0,00:11:37.215342
0.0,-110.0,00:11:37.253675
0.0,-110.0,00:11:37.297134
0.0,-110.0,00:11:37.333011
0.0,-110.0,00:11:37.369660
0.0,-110.0,00:11:37.405596
0.0,-110.0,00:11:37.441713
0.0,-110.0,00:11:37.477816
0.0,-110.0,00:11:37.515555
0.0,-110.0,00:11:37.553167
0.0,-110.0,00:11:37.600935
0.0,-110.0,00:11:37.648698
0.0,-110.0,00:11:37.684462
0.0,-110.0,00:11:37.732698
0.0,-110.0,00:11:37.768638
0.0,-110.0,00:11:37.805046
0.0,-110.0,00:11:37.841040
0.0,-110.0,00:11:37.881904
0.0,-110.0,00:11:37.927271
0.0,-110.0,00:11:37.971182
0.0,-109.5,00:11:38.008594
0.0,-109.0,00:11:38.045034
0.0,-108.0,00:11:38.083507
0.0,-106.5,00:11:38.119232
0.0,-105.0,00:11:38.155371
0.0,-103.0,00:11:38.201460
0.0,-100.5,00:11:38.237157
0.0,-98.0,00:11:38.274247
0.0,-96.0,00:11:38.310086
0.0,-93.0,00:11:38.351639
0.0,-90.5,00:11:38.387662
0.0,-87.0,00:11:38.434136
0.0,-83.0,00:11:38.485309
0.0,-78.0,00:11:38.552371
0.0,-74.0,00:11:38.610665
0.0,-69.5,00:11:38.670382
0.0,-65.0,00:11:38.730379
0.0,-61.0,00:11:38.792819
0.0,-57.5,00:11:38.850455
0.0,-54.5,00:11:38.902368
0.0,-51.0,00:11:38.974136
0.0,-47.0,00:11:39.050367
0.0,-43.0,00:11:39.125527
0.0,-40.0,00:11:39.190281
0.0,-37.0,00:11:39.267482
0.0,-34.0,00:11:39.323987
0.0,-32.0,00:11:39.374381
0.0,-29.5,00:11:39.430927
0.0,-26.0,00:11:39.496651
0.0,-23.0,00:11:39.554433
0.0,-20.0,00:11:39.626116
0.0,-17.0,00:11:39.684907
0.0,-14.0,00:11:39.741422
0.0,-11.0,00:11:39.790880
0.0,-8.0,00:11:39.840402
0.0,-4.5,00:11:39.905485
0.0,-1.5,00:11:39.960478
0.0,2.0,00:11:40.022896
0.0,5.0,00:11:40.073757
0.0,8.0,00:11:40.124672
0.0,13.5,00:11:40.231411
0.0,18.5,00:11:40.320560
0.0,23.0,00:11:40.403158
0.0,26.5,00:11:40.455289
0.0,30.0,00:11:40.510517
0.0,33.0,00:11:40.561265
0.0,36.5,00:11:40.624415
0.0,39.5,00:11:40.679051
0.0,43.0,00:11:40.756818
0.0,45.0,00:11:40.816946
0.0,47.0,00:11:40.870303
0.0,49.0,00:11:40.942491
0.0,50.0,00:11:40.993931
0.0,51.0,00:11:41.056217
0.0,51.0,00:11:41.114626
0.0,51.0,00:11:41.238951
0.0,51.0,00:11:41.322063
0.0,51.0,00:11:41.407776
0.0,51.0,00:11:41.480041
0.0,51.0,00:11:41.542175
0.0,51.0,00:11:41.578613
0.0,51.0,00:11:41.614572
0.0,51.0,00:11:41.660111
0.0,51.0,00:11:41.695737
0.0,51.0,00:11:41.732391
0.0,51.0,00:11:41.769145
0.0,51.0,00:11:41.809354
0.0,51.0,00:11:41.847125
0.0,51.0,00:11:41.891668
0.0,51.0,00:11:41.928342
0.0,51.0,00:11:41.976186
0.0,51.0,00:11:42.015699
0.0,51.0,00:11:42.058106
0.0,51.0,00:11:42.094398
0.0,51.0,00:11:42.132994
0.0,51.0,00:11:42.177963
0.0,51.0,00:11:42.219571
0.0,51.0,00:11:42.255646
0.0,51.0,00:11:42.293417
0.0,51.0,00:11:42.335576
0.0,51.0,00:11:42.372786
0.0,51.0,00:11:42.408819
0.0,51.0,00:11:42.447996
0.0,51.5,00:11:42.490821
0.0,53.0,00:11:42.533447
0.0,55.0,00:11:42.571503
0.0,58.5,00:11:42.618256
0.0,62.0,00:11:42.661050
0.0,65.0,00:11:42.697286
0.0,68.0,00:11:42.733993
0.0,71.0,00:11:42.770686
0.0,74.0,00:11:42.806532
0.0,76.5,00:11:42.842698
0.0,80.0,00:11:42.890270
0.0,83.0,00:11:42.927245
0.0,86.0,00:11:42.968827
0.0,90.0,00:11:43.013853
0.0,93.0,00:11:43.061925
0.0,96.5,00:11:43.106011
0.0,99.0,00:11:43.141881
0.0,102.0,00:11:43.178707
0.0,104.5,00:11:43.214765
0.0,107.0,00:11:43.251913
0.0,110.0,00:11:43.296029
0.0,113.0,00:11:43.333350
0.0,116.0,00:11:43.375650
0.0,118.5,00:11:43.412208
0.0,121.0,00:11:43.447952
0.0,123.5,00:11:43.483996
0.0,127.0,00:11:43.531485
0.0,130.0,00:11:43.573919
0.0,133.0,00:11:43.625336
0.0,136.0,00:11:43.670542
0.0,139.0,00:11:43.720275
0.0,141.5,00:11:43.755981
0.0,143.5,00:11:43.793261
0.0,145.5,00:11:43.829058
0.0,147.0,00:11:43.865567
0.0,149.0,00:11:43.902719
0.0,150.0,00:11:43.939302
0.0,151.5,00:11:43.975276
0.0,152.0,00:11:44.014328
0.0,153.0,00:11:44.050381
0.0,153.0,00:11:44.086244
0.0,153.0,00:11:44.122847
0.0,153.0,00:11:44.161060
0.0,153.0,00:11:44.197091
0.0,153.0,00:11:44.233635
0.0,153.0,00:11:44.269340
0.0,153.0,00:11:44.305637
0.0,153.0,00:11:44.342417
0.0,153.0,00:11:44.378239
0.0,153.0,00:11:44.414892
0.0,153.0,00:11:44.450820
0.0,153.0,00:11:44.486730
0.0,153.0,00:11:44.526778
0.0,153.0,00:11:44.562684
0.0,153.0,00:11:44.598856
0.0,152.0,00:11:44.636144
0.0,151.0,00:11:44.672096
0.0,149.0,00:11:44.708421
0.0,146.5,00:11:44.745289
0.0,144.0,00:11:44.781298
0.0,141.0,00:11:44.817167
0.0,137.5,00:11:44.853172
0.0,134.0,00:11:44.889042
0.0,129.5,00:11:44.925826
0.0,126.0,00:11:44.970543
0.0,122.0,00:11:45.007042
0.0,118.0,00:11:45.043716
0.0,114.5,00:11:45.080216
0.0,110.0,00:11:45.122174
0.0,106.0,00:11:45.160562
0.0,101.0,00:11:45.199802
0.0,96.5,00:11:45.246064
0.0,92.0,00:11:45.288566
0.0,87.0,00:11:45.337446
0.0,83.0,00:11:45.376754
0.0,79.5,00:11:45.414416
0.0,74.5,00:11:45.467894
0.0,71.0,00:11:45.504546
0.0,68.0,00:11:45.541380
0.0,64.0,00:11:45.588695
0.0,61.5,00:11:45.624424
0.0,59.0,00:11:45.660337
0.0,56.0,00:11:45.697897
0.0,53.0,00:11:45.740745
0.0,50.0,00:11:45.787962
0.0,48.0,00:11:45.824818
0.0,45.0,00:11:45.871997
0.0,43.0,00:11:45.908149
0.0,41.0,00:11:45.944924
0.0,40.0,00:11:45.980806
0.0,38.5,00:11:46.019111
0.0,37.0,00:11:46.057938
0.0,36.0,00:11:46.101638
0.0,35.5,00:11:46.138099
0.0,35.0,00:11:46.178979
0.0,35.0,00:11:46.215215
0.0,35.0,00:11:46.255744
0.0,35.0,00:11:46.291550
0.0,35.0,00:11:46.330213
0.0,35.0,00:11:46.383496
0.0,35.0,00:11:46.420523
0.0,35.0,00:11:46.460340
0.0,35.0,00:11:46.506478
0.0,35.0,00:11:46.551416
0.0,35.0,00:11:46.588424
0.0,35.0,00:11:46.625639
0.0,35.0,00:11:46.674385
0.0,35.0,00:11:46.724096
0.0,35.0,00:11:46.768005
0.0,35.0,00:11:46.812672
0.0,35.0,00:11:46.854737
0.0,35.0,00:11:46.890763
0.0,35.0,00:11:46.935454
0.0,35.0,00:11:46.973086
0.0,35.0,00:11:47.011073
0.0,35.0,00:11:47.047459
0.0,35.0,00:11:47.083569
0.0,35.0,00:11:47.119420
0.0,35.0,00:11:47.156553
0.0,35.0,00:11:47.194431
0.0,35.0,00:11:47.232240
0.0,35.0,00:11:47.272575
0.0,35.0,00:11:47.310523
0.0,35.0,00:11:47.349165
0.0,35.0,00:11:47.385503
0.0,35.0,00:11:47.422578
0.0,35.0,00:11:47.472096
0.0,35.0,00:11:47.508101
0.0,35.0,00:11:47.546410
0.0,35.0,00:11:47.584522
0.0,35.0,00:11:47.620811
0.0,35.0,00:11:47.666465
0.0,35.0,00:11:47.702348
0.0,35.0,00:11:47.738222
0.0,35.0,00:11:47.782429
0.0,35.0,00:11:47.818586
0.0,35.0,00:11:47.856082
0.0,35.0,00:11:47.893812
0.0,35.0,00:11:47.930143
0.0,35.0,00:11:47.972934
0.0,35.0,00:11:48.021329
0.0,35.0,00:11:48.056960
0.0,35.0,00:11:48.093545
0.0,35.0,00:11:48.129248
0.0,35.0,00:11:48.166470
0.0,35.0,00:11:48.203804
0.0,35.0,00:11:48.246414
0.0,35.0,00:11:48.282976
0.0,35.0,00:11:48.319642
0.0,35.0,00:11:48.356485
0.0,35.0,00:11:48.403210
0.0,35.0,00:11:48.439065
0.0,35.0,00:11:48.475731
0.0,35.0,00:11:48.514309
0.0,35.0,00:11:48.550852
0.0,35.0,00:11:48.586704
0.0,35.0,00:11:48.623221
0.0,35.0,00:11:48.659105
0.0,35.0,00:11:48.695090
0.0,35.0,00:11:48.731209
0.0,35.0,00:11:48.768393
0.0,35.0,00:11:48.804200
0.0,35.0,00:11:48.840292
0.0,35.0,00:11:48.876847
0.0,35.0,00:11:48.923861
0.0,35.0,00:11:48.961434
0.0,35.0,00:11:48.998397
0.0,35.0,00:11:49.035261
0.0,35.0,00:11:49.073461
0.0,35.0,00:11:49.109976
0.0,35.0,00:11:49.145955
0.0,35.0,00:11:49.183255
0.0,35.0,00:11:49.219476
0.0,35.0,00:11:49.255401
0.0,35.0,00:11:49.291624
0.0,35.0,00:11:49.328381
0.0,35.0,00:11:49.377414
0.0,35.0,00:11:49.414167
0.0,35.0,00:11:49.450958
0.0,35.0,00:11:49.486887
0.0,35.0,00:11:49.525316
0.0,35.0,00:11:49.561992
0.0,35.0,00:11:49.597775
0.0,35.0,00:11:49.636250
0.0,35.0,00:11:49.672755
0.0,35.0,00:11:49.708365
0.0,35.0,00:11:49.760854
0.0,35.0,00:11:49.796584
0.0,35.0,00:11:49.833602
0.0,35.0,00:11:49.869903
0.0,35.0,00:11:49.912846
0.0,35.0,00:11:49.952687
0.0,35.0,00:11:49.991615
0.0,35.0,00:11:50.032653
0.0,35.0,00:11:50.068171
0.0,35.0,00:11:50.106427
0.0,35.0,00:11:50.147400
0.0,35.0,00:11:50.183986
0.0,35.0,00:11:50.221950
0.0,35.0,00:11:50.258145
0.0,35.0,00:11:50.293997
0.0,35.0,00:11:50.342302
0.0,35.0,00:11:50.380094
0.0,35.0,00:11:50.419026
0.0,35.0,00:11:50.457599
0.0,35.0,00:11:50.493900
0.0,35.0,00:11:50.530278
0.0,35.0,00:11:50.566988
0.0,35.0,00:11:50.602911
0.0,35.0,00:11:50.638620
0.0,35.0,00:11:50.675072
0.0,35.0,00:11:50.710956
0.0,35.0,00:11:50.746888
0.0,35.0,00:11:50.786277
0.0,35.0,00:11:50.830331
0.0,35.0,00:11:50.871096
0.0,35.0,00:11:50.912884
0.0,35.0,00:11:50.950605
0.0,35.0,00:11:51.002149
0.0,35.0,00:11:51.040274
0.0,35.0,00:11:51.082931
0.0,35.0,00:11:51.127660
0.0,35.0,00:11:51.171679
0.0,35.0,00:11:51.210005
0.0,35.0,00:11:51.259787
0.0,35.0,00:11:51.296871
0.0,35.0,00:11:52.345388
0.0,35.0,00:11:52.381596
0.0,35.0,00:11:52.417576
0.0,35.0,00:11:52.453351
0.0,35.0,00:11:52.489423
0.0,35.0,00:11:52.527512
0.0,35.0,00:11:52.563931
0.0,35.0,00:11:52.600671
0.0,35.0,00:11:52.637211
0.0,35.0,00:11:52.673223
0.0,35.0,00:11:52.711961
0.0,35.0,00:11:52.750042
0.0,35.0,00:11:52.786002
0.0,35.0,00:11:52.824851
0.0,35.0,00:11:52.860925
0.0,35.0,00:11:52.896847
0.0,35.0,00:11:52.934013
0.0,35.0,00:11:52.970229
0.0,35.0,00:11:53.007000
0.0,35.0,00:11:53.043065
0.0,35.0,00:11:53.087571
0.0,35.0,00:11:53.123762
0.0,35.0,00:11:53.159666
0.0,35.0,00:11:53.195586
0.0,35.0,00:11:53.232822
0.0,35.0,00:11:53.268696
0.0,35.0,00:11:53.305403
0.0,35.0,00:11:53.342260
0.0,35.0,00:11:53.378819
0.0,35.0,00:11:53.423115
0.0,35.0,00:11:53.459108
0.0,35.0,00:11:53.495554
0.0,35.0,00:11:53.532280
0.0,35.0,00:11:53.568208
0.0,35.0,00:11:53.606998
0.0,35.0,00:11:53.650668
0.0,35.0,00:11:53.686640
0.0,35.0,00:11:53.726080
0.0,35.0,00:11:53.763073
0.0,35.0,00:11:53.798847
0.0,35.0,00:11:53.837336
0.0,35.0,00:11:53.882545
0.0,35.0,00:11:53.918992
0.0,35.0,00:11:53.954869
0.0,35.0,00:11:53.992405
0.0,35.0,00:11:54.028560
program stopped
